"id","FullName","MobileNumber","EmailId","Gender","Age","BloodGroup","Address","Message","PostingDate","status"
"1","Anuj Kumar","9999857868","anuj@gmail.com","Male","27","O+"," bdhdh dhf hd h"," d hd hd fh d","2017-06-30 22:14:16","1"
"2","dasdasd","41241241241","dasdasd@dfdsf.com","Male","34","AB-"," fsdfds"," fsdf","2017-06-30 22:48:11","1"
"3","Ami","42352352352","","Male","23","A+",""," Lorem ipsum dolor sit amet, consectetur adipiscing elit, sed do eiusmod tempor incididunt ut labore et dolore magna aliqua. ","2017-07-01 09:21:21","1"
"4","fdsfsgg","35345435345","","Female","26","AB-",""," Lorem ipsum dolor sit amet, consectetur adipiscing elit, sed do eiusmod tempor incididunt ut labore et dolore magna aliqua. ","2017-07-01 09:21:42","1"
"5","Nitesh Kumart","8569855244","niiii@test.com","Male","32","A-","Test Demo","Test demo Test demoTest demoTest demoTest demoTest demoTest demoTest demoTest demoTest demoTest demoTest demoTest demo","2017-07-01 11:00:18","1"
